Antibody,Catalog,Barcode
TotalSeq-B0833 anti-mouse CD194 (CCR4),131223,TTCATGTGTTTGTGC
Custom 0376 anti-mouse CD195 (CCR5),900002635,ACCAGTTGTCATTAC
TotalSeq-B0225 anti-mouse CD196 (CCR6),129827,CTCTCTGCATTCCTC
TotalSeq-B0377 anti-mouse CD197 (CCR7),120133,TTATTAACAGCCCAC
TotalSeq-B0907 anti-mouse CD198 (CCR8),150331,ATCTCCGTTGTGCGA
TotalSeq-B0854 anti-mouse CD199 (CCR9),128715,CCCTCTGGTATGGTT
TotalSeq-B0909 anti-mouse CD182 (CXCR2),149321,TTTCCTTGTAGAGCG
TotalSeq-B0228 anti-mouse CD183 (CXCR3),126549,GTTCACGCCGTGTTA
TotalSeq-B0444 anti-mouse CD184 (CXCR4),146521,GTCGTGGTGTTGTTC
TotalSeq-B0846 anti-mouse CD185 (CXCR5),145539,ACGTAGTCACCTAGT
Custom 0926 anti-mouse CD186 (CXCR6),900006099,TGTCAGGTTGTATTC
TotalSeq-B0563 anti-mouse CX3CR1,149045,CACTCTCAGTCCTAT
TotalSeq-B0568 anti-mouse/rat XCR1,148231,TCCATTACCCACGTT
Anti-mouse CCR2 (clone MC21) biotinylated,in house,n/a
Custom 0975 Streptavidin ,900004772,TGCCAGCCCTTTGTA
TotalSeq-B0301 anti-mouse Hashtag 1,155831,ACCCACCAGTAAGAC
TotalSeq-B0302 anti-mouse Hashtag 2,155833,GGTCGAGAGCATTCA
TotalSeq-B0303 anti-mouse Hashtag 3,155835,CTTGCCGCATGTCAT
TotalSeq-B0091 Mouse IgG2a isotype Ctrl,400291,CTCCTACCTAAACTG
TotalSeq-B0241 Armenian Hamster IgG Isotype Ctrl,400979,CCTGTCATTAAGACT
TotalSeq-B0095 Rat IgG2b Isotype Ctrl,400689,GATTCTTGACGACCT
